city_id;city_name;year;pop;density_pop;unemp_rate;gdp_prousd;peoplekilled_in_roadaccident;deaths_roadaccidents;nationals;nationals_%;eu_foreigners;eu_foreigners_%;extraeu_foreigners;extraeu_foreigners_%;nativeborn;nativeborn_%;cars;cars_perc;Capital;cold_weather;URSS_Influence;Closeness;Culural_affinity;
1;Tallinn;2000;400378;2518;;24973;;;284684;71;569;0.14;111334;27.81;;;119632;29.88;1;1;1;1;1
1;Tallinn;2001;399685;2514;13;26849;0.65;26;;;;;;;;;;;1;1;1;1;1
1;Tallinn;2002;398434;2506;;28989;;;;;;;;;;;;;1;1;1;1;1
1;Tallinn;2003;397150;2498;;31412;;;;;;;;;;;;;1;1;1;1;1
1;Tallinn;2004;392306;2467;10;33897;0.51;20;;;;;;;;;80716;20.57;1;1;1;1;1
1;Tallinn;2005;401646;2526;8;36485;0.42;17;;;;;;;;;80716;20.10;1;1;1;1;1
1;Tallinn;2006;398635;2507;4;40641;0.55;22;301942;76;;;;;;;81681;20.49;1;1;1;1;1
1;Tallinn;2007;399141;2510;3;42711;0.63;25;303406;76;;;;;;;83449;20.91;1;1;1;1;1
1;Tallinn;2008;401389;2524;4;39859;0.42;17;306777;76;3831;0.95;38907;9.69;;;69742;17.38;1;1;1;1;1
1;Tallinn;2009;403930;2540;14;35067;0.27;11;309410;77;;0.00;;0.00;;;69438;17.19;1;1;1;1;1
1;Tallinn;2010;406665;2558;;35013;0.15;6;312373;77;5468;1.34;88504;21.76;313559;77.10;68965;16.96;1;1;1;1;1
1;Tallinn;2011;393222;2473;10;38219;0.31;12;;;;0.00;;0.00;312695;79.52;80722;20.53;1;1;1;1;1
1;Tallinn;2012;403862;2540;;40015;0.32;13;318260;79;3654;0.90;81737;20.24;322843;79.94;91692;22.70;1;1;1;1;1
1;Tallinn;2013;406059;2554;6;40750;0.30;12;320334;79;3630;0.89;81760;20.14;325848;80.25;100413;24.73;1;1;1;1;1
1;Tallinn;2014;411063;2585;6;42326;0.17;7;325511;79;3625;0.88;81669;19.87;331044;80.53;107924;26.25;1;1;1;1;1
1;Tallinn;2015;413782;2602;5;43547;0.29;12;328864;79;3712;0.90;81206;19.63;331697;80.16;107784;26.05;1;1;1;1;1
1;Tallinn;2016;423420;2663;6;44478;0.19;8;332430;79;8404;1.98;82574;19.50;337580;79.73;;0.00;1;1;1;1;1
1;Tallinn;2017;426538;2683;5;46617;0.09;4;335268;79;9179;2.15;82047;19.24;340193;79.76;123092;28.86;1;1;1;1;1
1;Tallinn;2018;430805;2709;5;47584;0.16;7;338258;79;10264;2.38;82187;19.08;341884;79.36;135733;31.51;1;1;1;1;1
1;Tallinn;2019;434562;2733;4;49329;0.18;8;340018;78;11422;2.63;83005;19.10;343626;79.07;136273;31.36;1;1;1;1;1
1;Tallinn;2020;438341;2757;6;47606;0.21;9;341270;78;11426;2.61;85645;19.54;345056;78.72;140985;32.16;1;1;1;1;1
2;Riga;2000;762505;2353;;17264;;;452698;59;703;0.09;606352;79.52;557015;73.05;;;1;1;1;1;1
2;Riga;2001;756627;2335;11;18668;2.19;517;;;1038;0.14;64012;8.46;;;502562;66.42;1;1;1;1;1
2;Riga;2002;747157;2306;;20223;;;;;1070;0.14;57478;7.69;;;526279;70.44;1;1;1;1;1
2;Riga;2003;739232;2282;;22126;;;;;;;;;;;552209;74.70;1;1;1;1;1
2;Riga;2004;735241;2269;10;24091;2.22;516;;;4394;0.60;28937;3.94;;;573395;77.99;1;1;1;1;1
2;Riga;2005;731762;2259;8;27121;1.92;442;;;;;;;;;603624;82.49;1;1;1;1;1
2;Riga;2006;727578;2246;6;31511;1.77;407;;;;;;;;;660047;90.72;1;1;1;1;1
2;Riga;2007;722485;2230;6;33863;1.84;419;503573;70;;;;;;;723720;100.17;1;1;1;1;1
2;Riga;2008;697272;2152;8;32789;1.39;316;506684;73;7933;1.14;407560;58.45;;;789650;113.25;1;1;1;1;1
2;Riga;2009;713016;2201;17;27855;1.12;254;508029;71;;0.00;;;;;814436;114.22;1;1;1;1;1
2;Riga;2010;673433;2078;;27257;;218;;;;0.00;;;;;799995;118.79;1;1;1;1;1
2;Riga;2011;658637;2033;17;27721;0.86;179;487239;74;5885;0.89;336273;51.06;520522;79.03;557311;84.62;1;1;1;1;1
2;Riga;2012;649853;2006;14;30692;0.87;177;;;;0.00;;;;;544293;83.76;1;1;1;1;1
2;Riga;2013;643615;1986;;32467;0.88;179;484911;75;5590;0.87;309824;48.14;516149;80.20;551368;85.67;1;1;1;1;1
2;Riga;2014;643368;1986;;33129;1.06;212;488900;76;6035;0.94;298800;46.44;518983;80.67;568423;88.35;1;1;1;1;1
2;Riga;2015;641007;1978;7;34840;0.95;188;489221;76;6805;1.06;291628;45.50;519095;80.98;591112;92.22;1;1;1;1;1
2;Riga;2016;639342;1973;8;35864;0.80;158;492052;77;5974;0.93;282972;44.26;520481;81.41;612459;95.80;1;1;1;1;1
2;Riga;2017;641201;1979;;37063;0.70;136;498114;78;5937;0.93;273509;42.66;525363;81.93;;;1;1;1;1;1
2;Riga;2018;632479;1952;7;39733;0.77;148;491952;78;6221;0.98;266310;42.11;518320;81.95;622808;98.47;1;1;1;1;1
2;Riga;2019;626147;1933;6;39537;;;488327;78;;;;;513711;82.04;;;1;1;1;1;1
2;Riga;2020;621120;1917;8;;;;486204;78;6303;1.01;254102;40.91;510727;82.23;;;1;1;1;1;1
3;Vilnius;2000;558816;1397;;17900;;;;;;;;;;;;;1;1;1;1;1
3;Vilnius;2001;554281;1386;16;19496;0.97;54;543569;98;251;0.05;6104;1.10;;0.00;177215;31.97;1;1;1;1;1
3;Vilnius;2002;553373;1383;;21952;;;;;;;;;;;;;1;1;1;1;1
3;Vilnius;2003;553232;1383;;24409;;;;;;;;;;;;;1;1;1;1;1
3;Vilnius;2004;552800;1382;10;26178;0.99;55;;;;;;;;;204687;37.03;1;1;1;1;1
3;Vilnius;2005;553061;1383;7;28804;0.96;53;;;;;;;;;;;1;1;1;1;1
3;Vilnius;2006;553553;1384;;32510;0.81;45;;;;;;;;;234858;42.43;1;1;1;1;1
3;Vilnius;2007;554409;1386;;37222;1.23;68;;;;;;;;;235162;42.42;1;1;1;1;1
3;Vilnius;2008;555733;1389;;37562;0.77;43;;;;;;;;;243158;43.75;1;1;1;1;1
3;Vilnius;2009;558165;1395;12;31956;0.54;30;;;;;;;;;248593;44.54;1;1;1;1;1
3;Vilnius;2010;543191;1358;12;32508;0.39;21;;;;;;;;;;;1;1;1;1;1
3;Vilnius;2011;536127;1340;10;34572;0.45;24;527448;98;1136;0.21;6175;1.15;478083;89.17;246714;46.02;1;1;1;1;1
3;Vilnius;2012;533279;1333;;36708;0.47;25;;;;;;;;;;;1;1;1;1;1
3;Vilnius;2013;537152;1343;;38860;0.48;26;;;;;;;;;;;1;1;1;1;1
3;Vilnius;2014;539707;1349;;40761;0.50;27;;;;;;;;;;;1;1;1;1;1
3;Vilnius;2015;542626;1357;5;41917;0.33;18;;;;;;;;;181800;33.50;1;1;1;1;1
3;Vilnius;2016;543493;1359;4;43401;0.37;20;;;;;;;;;187678;34.53;1;1;1;1;1
3;Vilnius;2017;545280;1363;3;45232;0.35;19;;;;;;;;;192086;35.23;1;1;1;1;1
3;Vilnius;2018;547484;1369;3;48254;0.31;17;;;;;;;;;199144;36.37;1;1;1;1;1
3;Vilnius;2019;552131;1380;3;51026;0.38;21;;;;;;;;;209440;37.93;1;1;1;1;1
3;Vilnius;2020;561836;1405;5;;0.20;11;;;;;;;;;218264;38.85;1;1;1;1;1
4;Stockholm;2000;1370815;;;112921;;;;;;;;;;;;;1;1;0;1;0
4;Stockholm;2001;1381251;7347;3;110553;0.27;37;1235822;89;52167;3.78;82809;6.00;;;531183;38.46;1;1;0;1;0
4;Stockholm;2002;1389201;;;114430;;;;;;;;;;;;;1;1;0;1;0
4;Stockholm;2003;1396385;;;116642;;;;;;;;;;;;;1;1;0;1;0
4;Stockholm;2004;1404112;7469;;126457;;34;1268476;90;56989;4.06;70920;5.05;;;547690;39.01;1;1;0;1;0
4;Stockholm;2005;1417405;;;130151;;18;1292241;91;;;;;;;364812;25.74;1;1;0;1;0
4;Stockholm;2006;1439402;;;130231;;20;1313316;91;;;;;;;366114;25.44;1;1;0;1;0
4;Stockholm;2007;1462778;;;134845;;33;1330358;91;;;;;;;366265;25.04;1;1;0;1;0
4;Stockholm;2008;1489127;7921;;131868;;14;1349199;91;66777;4.48;73151;4.91;;;579507;38.92;1;1;0;1;0
4;Stockholm;2009;1521202;8092;;132980;;17;;;;;;;;;579841;38.12;1;1;0;1;0
4;Stockholm;2010;1550208;8246;;135752;;17;1394114;90;70301;4.53;85793;5.53;;;417460;26.93;1;1;0;1;0
4;Stockholm;2011;1579896;8404;;138493;;22;;;;;;;;;599426;37.94;1;1;0;1;0
4;Stockholm;2012;1608135;8554;;136409;;;;;;;;;;;;;1;1;0;1;0
4;Stockholm;2013;1414924;7526;;135743;;;1272707;90;62825;4.44;79390;5.61;1098396;77.63;;;1;1;0;1;0
4;Stockholm;2014;1440909;7664;;139157;;;1295067;90;64477;4.47;81368;5.65;1113812;77.30;;;1;1;0;1;0
4;Stockholm;2015;1464814;7792;;144563;;;1314303;90;67048;4.58;83466;5.70;1127143;76.95;;;1;1;0;1;0
4;Stockholm;2016;1486954;;;143492;;;1331826;90;69640;4.68;85488;5.75;1138636;76.58;;;1;1;0;1;0
4;Stockholm;2017;1510464;8034;6;140710;0.06;9;1348013;89;71844;4.76;90607;6.00;1148223;76.02;415375;27.50;1;1;0;1;0
4;Stockholm;2018;1534977;8165;6;141944;0.17;26;1363124;89;73609;4.80;98245;6.40;1156112;75.32;414124;26.98;1;1;0;1;0
4;Stockholm;2019;1556805;;;145972;;;1376732;88;73642;4.73;106432;6.84;1163125;74.71;;;1;1;0;1;0
4;Stockholm;2020;1576798;;;148696;;;1391666;88;73879;4.69;111255;7.06;1170893;74.26;;;1;1;0;1;0
5;Rostock;2000;;;;80886;;;;;;;;;;;;;0;1;1;0;0
5;Rostock;2001;198964;1099;16;79045;;;192511;96.7566997;;;;;;;75425;37.91;0;1;1;0;0
5;Rostock;2002;198259;1095;;79800;;;;;;;;;;;;;0;1;1;0;0
5;Rostock;2003;;;;78940;;;;;;;;;;;;;0;1;1;0;0
5;Rostock;2004;198303;1096;22;79723;0.25;5;190619;96.12512166;;;;;;;;;0;1;1;0;0
5;Rostock;2005;198993;1099;22;80601;0.20;4;191554;96.26167755;1500;0.75379536;5900;2.964928415;;;74044;37.21;0;1;1;0;0
5;Rostock;2006;199288;1101;19;80631;0.45;9;191865;96.27523985;1500;0.752679539;5900;2.960539521;;;74839;37.55;0;1;1;0;0
5;Rostock;2007;199868;1104;17;82055;0.35;7;192162;96.14445534;1700;0.850561371;6000;3.001981308;;;67272;33.66;0;1;1;0;0
5;Rostock;2008;200413;1107;15;83961;0.30;6;192655;96.12899363;1900;0.948042293;5900;2.943920804;;;67602;33.73;0;1;1;0;0
5;Rostock;2009;201096;1111;14;81650;0.20;4;193294;96.12026097;1800;0.89509488;6000;2.9836496;;;67613;33.62;0;1;1;0;0
5;Rostock;2010;201442;1113;13;86977;0.15;3;194441;96.52455794;1300;0.645347048;5700;2.829598594;177800;88.2636193;69062;34.28;0;1;1;0;0
5;Rostock;2011;202735;1120;10;87751;0.25;5;195560;96.46089723;1300;0.641231164;6400;3.156830345;178900;88.24327324;70291;34.67;0;1;1;0;0
5;Rostock;2012;201813;1115;11;86780;0.10;2;195191;96.71874458;1600;0.792813149;5200;2.576642734;177900;88.15091198;71249;35.30;0;1;1;0;0
5;Rostock;2013;202887;1121;10;89104;0.15;3;195879;96.5458605;1800;0.887193364;5200;2.563003051;179000;88.22645118;71799;35.39;0;1;1;0;0
5;Rostock;2014;203431;1124;;91978;;0;195997;96.34568969;2200;1.081447764;5300;2.605305976;;;72271;35.53;0;1;1;0;0
5;Rostock;2015;204167;1128;8;90226;0.05;1;196332;96.16245524;2200;1.077549261;5600;2.742852665;;;73138;35.82;0;1;1;0;0
5;Rostock;2016;206011;1138;7;90118;0.39;8;196928;95.59101213;2300;1.116445238;6800;3.300794618;;;74293;36.06;0;1;1;0;0
5;Rostock;2017;207513;1146;5;95558;0.10;2;196453;94.67021343;2900;1.397502807;8200;3.951559661;;;75098;36.19;0;1;1;0;0
5;Rostock;2018;208409;1151;5;91022;0.10;2;196207;94.14516648;3200;1.535442327;9000;4.318431546;;;75890;36.41;0;1;1;0;0
5;Rostock;2019;208886;1154;4;95981;0.19;4;195904;93.78512682;3600;1.72342809;9400;4.500062235;191300;91.58105378;76487;36.62;0;1;1;0;0
5;Rostock;2020;209191;1156;5;90127;0.19;4;195385;93.40028969;3900;1.864324947;9900;4.732517173;191000;91.3041192;76933;36.78;0;1;1;0;0
6;Stuttgart;2000;587152;2836;;123249;;;;;;;;;;;;;0;1;0;0;0
6;Stuttgart;2001;588477;2843;5;129125;0.46;27;443955;75;54600;9.28;88600;15.06;;;232558;39.52;0;1;0;0;0
6;Stuttgart;2002;;;;127378;;;;;;;;;;;;;0;1;0;0;0
6;Stuttgart;2003;589161;2846;;129115;;;;;;;;;;;;;0;1;0;0;0
6;Stuttgart;2004;590657;2853;8;126599;0.22;13;447611;76;52900;8.96;87400;14.80;;;235800;39.92;0;1;0;0;0
6;Stuttgart;2005;592569;2863;10;123566;0.22;13;450379;76;55000;9.28;85200;14.38;;;232773;39.28;0;1;0;0;0
6;Stuttgart;2006;593923;2869;8;132703;0.15;9;452395;76;55000;9.26;85200;14.35;;;232261;39.11;0;1;0;0;0
6;Stuttgart;2007;597176;2885;7;138063;0.15;9;454988;76;54400;9.11;84500;14.15;;;206181;34.53;0;1;0;0;0
6;Stuttgart;2008;600068;2899;6;132074;0.10;6;459074;77;54600;9.10;83500;13.92;;;206015;34.33;0;1;0;0;0
6;Stuttgart;2009;601646;2907;6;117348;0.15;9;462708;77;56700;9.42;80700;13.41;;;206095;34.26;0;1;0;0;0
6;Stuttgart;2010;606588;2930;6;131690;0.15;9;465008;77;57100;9.41;79500;13.11;442900;73.01;208238;34.33;0;1;0;0;0
6;Stuttgart;2011;591015;2855;5;136429;0.23;14;469985;80;;;;;435900;73.75;210152;35.56;0;1;0;0;0
6;Stuttgart;2012;597939;2889;5;135824;0.19;11;474560;79;51100;8.55;73900;12.36;423600;70.84;213169;35.65;0;1;0;0;0
6;Stuttgart;2013;604297;2919;5;133862;0.12;7;468876;78;54300;8.99;74800;12.38;426200;70.53;215521;35.66;0;1;0;0;0
6;Stuttgart;2014;612441;2959;;134780;;5;470679;77;69600;11.36;64100;10.47;427700;69.84;216663;35.38;0;1;0;0;0
6;Stuttgart;2015;623738;3013;5;139791;0.13;8;472943;76;73600;11.80;65900;10.57;429300;68.83;218217;34.99;0;1;0;0;0
6;Stuttgart;2016;628032;3034;4;138248;0.13;8;475041;76;77000;12.26;71700;11.42;431200;68.66;220342;35.08;0;1;0;0;0
6;Stuttgart;2017;632743;3057;4;141314;0.16;10;476079;75;77400;12.23;74600;11.79;431000;68.12;223408;35.31;0;1;0;0;0
6;Stuttgart;2018;634830;3067;3;141363;0.06;4;476820;75;79200;12.48;76800;12.10;433200;68.24;224723;35.40;0;1;0;0;0
6;Stuttgart;2019;635911;3072;3;134477;0.11;7;477094;75;79300;12.47;78500;12.34;433700;68.20;226207;35.57;0;1;0;0;0
6;Stuttgart;2020;630305;3045;4;128833;0.11;7;476979;76;78500;12.45;80400;12.76;433900;68.84;225703;35.81;0;1;0;0;0
7;Helsinki;2000;551123;803;8;52476;;;529111;96;4192;0.76;22171;4.02;;;186452;33.83;1;1;1;1;0
7;Helsinki;2001;555474;810;9;53785;0.22;12;;;4192;0.75;22171;3.99;;;;;1;1;1;1;0
7;Helsinki;2002;559718;816;;53315;;;;;4192;0.75;22171;3.96;;;;;1;1;1;1;0
7;Helsinki;2003;559716;816;;53267;;;;;;;;;;;;;1;1;1;1;0
7;Helsinki;2004;559330;815;;55193;;9;529695;95;10178;1.82;18979;3.39;;;198739;35.53;1;1;1;1;0
7;Helsinki;2005;559046;815;;56615;;;529860;95;;;;;;;;;1;1;1;1;0
7;Helsinki;2006;560905;818;;59193;;;530135;95;;;;;;;;;1;1;1;1;0
7;Helsinki;2007;564521;823;;61998;;;531325;94;;;;;;;;;1;1;1;1;0
7;Helsinki;2008;568531;829;;62138;;12;532248;94;12939;2.28;23344;4.11;;;221343;38.93;1;1;1;1;0
7;Helsinki;2009;576632;841;;58113;;;537978;93;;;;;;;;;1;1;1;1;0
7;Helsinki;2010;583350;850;;59436;;5;541615;93;15459;2.65;26276;4.50;524964;89.99;;;1;1;1;1;0
7;Helsinki;2011;588549;858;;58794;;8;544088;92;16816;2.86;27645;4.70;526899;89.53;240175;40.81;1;1;1;1;0
7;Helsinki;2012;595384;868;;56972;;9;547506;92;18462;3.10;29416;4.94;529550;88.94;;;1;1;1;1;0
7;Helsinki;2013;603968;880;;56881;;9;553307;92;20318;3.36;30343;5.02;533496;88.33;;;1;1;1;1;0
7;Helsinki;2014;612664;893;;55688;;6;559782;91;21721;3.55;31161;5.09;538203;87.85;;;1;1;1;1;0
7;Helsinki;2015;620715;905;12;56405;0.19;12;565270;91;23107;3.72;32338;5.21;542164;87.35;166882;26.89;1;1;1;1;0
7;Helsinki;2016;628208;916;12;57341;0.05;3;570601;91;23680;3.77;33927;5.40;546210;86.95;169207;26.93;1;1;1;1;0
7;Helsinki;2017;635181;926;10;58403;0.11;7;575411;91;23957;3.77;35813;5.64;549074;86.44;170854;26.90;1;1;1;1;0
7;Helsinki;2018;643272;938;9;58637;0.06;4;582303;91;23672;3.68;37297;5.80;553355;86.02;173089;26.91;1;1;1;1;0
7;Helsinki;2019;648042;945;9;59502;0.05;3;585963;90;23261;3.59;38818;5.99;555635;85.74;174875;26.99;1;1;1;1;0
7;Helsinki;2020;653835;953;14;;0.12;8;590185;90;23067;3.53;40583;6.21;558108;85.36;180816;27.65;1;1;1;1;0
8;Oslo;2000;507467;1057;;58770;;;;0;;;;;;;;;1;1;0;1;0
8;Oslo;2001;508726;1060;3;60483;0.29;15;460462;91;19229;3.78;29035;5.71;;;186861;36.73;1;1;0;1;0
8;Oslo;2002;516467;1076;;62370;;;;0;;;;;;;;;1;1;0;1;0
8;Oslo;2003;523832;1091;;60761;;;;0;;;;;;;;;1;1;0;1;0
8;Oslo;2004;529846;1104;4;62019;0.11;6;469619;89;21105;3.98;31162;5.88;;;192383;36.31;1;1;0;1;0
8;Oslo;2005;538411;1122;3;60641;0.06;3;476397;88;;;;;;;197197;36.63;1;1;0;1;0
8;Oslo;2006;548617;1143;2;59380;0.07;4;483076;88;23234;4.24;32101;5.85;;;203192;37.04;1;1;0;1;0
8;Oslo;2007;560484;1168;2;63091;0.18;10;490599;88;25385;4.53;32633;5.82;;;209864;37.44;1;1;0;1;0
8;Oslo;2008;572806;1193;2;57283;0.16;9;497980;87;29799;5.20;32705;5.71;442933;77.33;212084;37.03;1;1;0;1;0
8;Oslo;2009;586860;1223;3;60021;0.14;8;505206;86;35760;6.09;34509;5.88;447473;76.25;;;1;1;0;1;0
8;Oslo;2010;599230;1248;;59439;0.09;5;511939;85;39158;6.53;35763;5.97;452338;75.49;;;1;1;0;1;0
8;Oslo;2011;613285;1278;;57124;0.12;7;518208;84;44264;7.22;36758;5.99;456704;74.47;;;1;1;0;1;0
8;Oslo;2012;627366;1307;;58238;0.13;8;526188;84;50593;8.06;36501;5.82;461569;73.57;254451;40.56;1;1;0;1;0
8;Oslo;2013;642124;1338;;58934;;;;0;;;;;;;;;1;1;0;1;0
8;Oslo;2014;647676;1349;;60697;;;;0;;;;;;;;;1;1;0;1;0
8;Oslo;2015;658390;1372;;63914;;;;0;;;;;;;;;1;1;0;1;0
8;Oslo;2016;666759;1389;;66697;;;;0;;;;;;;;;1;1;0;1;0
8;Oslo;2017;672061;1400;;65734;;;;0;;;;;;;;;1;1;0;1;0
8;Oslo;2018;673469;1403;;63720;;;;0;;;;;;;;;1;1;0;1;0
8;Oslo;2019;681071;1419;;67128;;;;0;;;;;;;;;1;1;0;1;0
8;Oslo;2020;693494;1445;;;;;;0;;;;;;;;;1;1;0;1;0
9;Bratislava;2000;447345;1216;;36877;;;;0;;;;;;;;;1;1;1;0;0
9;Bratislava;2001;428672;1165;9;38532;0.75;32;413046;96;2010;0.47;13616;3.18;;;182002;42.46;1;1;1;0;0
9;Bratislava;2002;427049;1160;;41417;;;;0;;;;;;;;;1;1;1;0;0
9;Bratislava;2003;;;;43261;;;;#DIV/0!;;;;;;;;;1;1;1;0;0
9;Bratislava;2004;425533;1156;9;45631;0.75;32;;0;;;;;;;200424;47.10;1;1;1;0;0
9;Bratislava;2005;425459;1156;6;52262;0.40;17;;0;;;;;;;;;1;1;1;0;0
9;Bratislava;2006;426091;1158;4;54771;0.56;24;;0;4208;0.99;1349;0.32;;;87086;20.44;1;1;1;0;0
9;Bratislava;2007;426927;1160;4;62146;0.63;27;;0;;;;;;;98591;23.09;1;1;1;0;0
9;Bratislava;2008;428791;1165;4;64602;0.49;21;415687;97;7182;1.67;5922;1.38;;;110554;25.78;1;1;1;0;0
9;Bratislava;2009;431061;1171;3;65184;0.30;13;;0;;;;;;;123760;28.71;1;1;1;0;0
9;Bratislava;2010;432801;1176;;68496;0.37;16;;0;;;;;;;136603;31.56;1;1;1;0;0
9;Bratislava;2011;411228;1117;;69559;;15;;0;;;;;;;103208;25.10;1;1;1;0;0
9;Bratislava;2012;413192;1123;;68436;;10;403913;98;6746;1.63;2533;0.61;391575;94.77;159524;38.61;1;1;1;0;0
9;Bratislava;2013;415589;1129;;70331;;4;405852;98;7013;1.69;2724;0.66;393575;94.70;130777;31.47;1;1;1;0;0
9;Bratislava;2014;417389;1134;;70409;;15;407536;98;7130;1.71;2723;0.65;395398;94.73;153925;36.88;1;1;1;0;0
9;Bratislava;2015;419678;1140;;74234;0.29;12;409714;98;7157;1.71;2807;0.67;397590;94.74;156920;37.39;1;1;1;0;0
9;Bratislava;2016;422932;1149;;75562;0.33;14;411668;97;8105;1.92;3159;0.75;399618;94.49;160847;38.03;1;1;1;0;0
9;Bratislava;2017;425923;1157;;76339;0.23;10;414075;97;8554;2.01;3294;0.77;401935;94.37;164177;38.55;1;1;1;0;0
9;Bratislava;2018;429564;1167;;77792;0.14;6;416959;97;9127;2.12;3478;0.81;404731;94.22;168881;39.31;1;1;1;0;0
9;Bratislava;2019;432864;1176;;77457;0.18;8;419935;97;9291;2.15;3638;0.84;407681;94.18;173725;40.13;1;1;1;0;0
9;Bratislava;2020;437726;1189;;73812;0.16;7;424011;97;9792;2.24;3923;0.90;411667;94.05;178552;40.79;1;1;1;0;0
10;Dusseldorf;2000;569364;2624;;60185;;;469646;82;;;;;;;;;0;1;0;0;0
10;Dusseldorf;2001;570765;2630;6;63281;0.44;25;470069;82;35500;6.22;65200;11.42;;;227839;39.92;0;1;0;0;0
10;Dusseldorf;2002;571886;2635;;62043;;;;;;;;;;;;;0;1;0;0;0
10;Dusseldorf;2003;;0;;61579;;;;;;;;;;;;;0;1;0;0;0
10;Dusseldorf;2004;572511;2638;10;62992;0.38;22;469529;82;38500;6.72;63700;11.13;;;226000;39.48;0;1;0;0;0
10;Dusseldorf;2005;572663;2639;10;63317;0.24;14;470488;82;39800;6.95;62800;10.97;;;225643;39.40;0;1;0;0;0
10;Dusseldorf;2006;574514;2648;10;64736;0.23;13;471887;82;39800;6.93;62800;10.93;;;225798;39.30;0;1;0;0;0
10;Dusseldorf;2007;577505;2661;10;68442;0.24;14;473904;82;40700;7.05;62900;10.89;;;202060;34.99;0;1;0;0;0
10;Dusseldorf;2008;581122;2678;9;69878;0.21;12;476392;82;41300;7.11;63400;10.91;;;202804;34.90;0;1;0;0;0
10;Dusseldorf;2009;584217;2692;8;65261;0.27;16;478585;82;41900;7.17;63700;10.90;;;202858;34.72;0;1;0;0;0
10;Dusseldorf;2010;586217;2701;8;65737;0.27;16;479604;82;42600;7.27;64000;10.92;453500;77.36;205651;35.08;0;1;0;0;0
10;Dusseldorf;2011;588735;2713;7;67455;0.19;11;481646;82;43000;7.30;64100;10.89;426600;72.46;208564;35.43;0;1;0;0;0
10;Dusseldorf;2012;589649;2717;7;66585;0.22;13;483940;82;38500;6.53;57800;9.80;426200;72.28;211563;35.88;0;1;0;0;0
10;Dusseldorf;2013;593682;2736;6;66972;0.12;7;495126;83;40100;6.75;58400;9.84;428200;72.13;213823;36.02;0;1;0;0;0
10;Dusseldorf;2014;598686;2759;;67564;;11;496789;83;45000;7.52;56900;9.50;429600;71.76;215149;35.94;0;1;0;0;0
10;Dusseldorf;2015;604527;2786;6;68074;0.23;14;497312;82;47600;7.87;59700;9.88;430100;71.15;217342;35.95;0;1;0;0;0
10;Dusseldorf;2016;612178;2821;5;67824;0.18;11;497542;81;49900;8.15;64700;10.57;430100;70.26;220619;36.04;0;1;0;0;0
10;Dusseldorf;2017;613230;2826;4;69986;0.16;10;495766;81;49500;8.07;68000;11.09;456700;74.47;224079;36.54;0;1;0;0;0
10;Dusseldorf;2018;617280;2845;4;70866;0.13;8;495490;80;50700;8.21;71100;11.52;456700;73.99;226320;36.66;0;1;0;0;0
10;Dusseldorf;2019;619294;2854;4;71238;0.15;9;494123;80;51100;8.25;74100;11.97;454700;73.42;228134;36.84;0;1;0;0;0
10;Dusseldorf;2020;621877;2866;5;;0.19;12;493024;79;51000;8.20;77900;12.53;453100;72.86;229244;36.86;0;1;0;0;0
11;Dresden;2000;477807;1457;;28686;;;460294;96;;;;;;;;;0;1;1;0;0
11;Dresden;2001;478631;1459;15;29785;0.46;22;459911;96;6000;1.25;12700;2.65;;;178380;37.27;0;1;1;0;0
11;Dresden;2002;480228;1464;;30837;;;;;;;;;;;;;0;1;1;0;0
11;Dresden;2003;;0;;31647;;;;;;;;;;;;;0;1;1;0;0
11;Dresden;2004;483632;1474;16;32480;0.48;23;461159;95;7300;1.51;17000;3.52;;;182900;37.82;0;1;1;0;0
11;Dresden;2005;487421;1486;15;32179;0.18;9;463177;95;8600;1.76;17200;3.53;;;185210;38.00;0;1;1;0;0
11;Dresden;2006;495181;1510;15;33177;0.40;20;469337;95;8600;1.74;17200;3.47;;;188335;38.03;0;1;1;0;0
11;Dresden;2007;504795;1539;12;33835;0.46;23;477414;95;9000;1.78;18400;3.65;;;171658;34.01;0;1;1;0;0
11;Dresden;2008;507513;1547;12;33750;0.18;9;483175;95;8100;1.60;16300;3.21;;;173014;34.09;0;1;1;0;0
11;Dresden;2009;512234;1562;11;32233;0.14;7;488393;95;7100;1.39;16700;3.26;;;173046;33.78;0;1;1;0;0
11;Dresden;2010;517052;1576;11;33277;0.04;2;493411;95;6800;1.32;16800;3.25;474000;91.67;176904;34.21;0;1;1;0;0
11;Dresden;2011;523058;1595;9;34915;0.15;8;498366;95;;;;;478800;91.54;180331;34.48;0;1;1;0;0
11;Dresden;2012;517765;1579;8;34866;0.25;13;504157;97;6500;1.26;12400;2.39;473600;91.47;183203;35.38;0;1;1;0;0
11;Dresden;2013;525105;1601;7;35452;0.27;14;504116;96;7300;1.39;13700;2.61;484400;92.25;184917;35.22;0;1;1;0;0
11;Dresden;2014;530754;1618;;36432;;16;508172;96;;;;;;;187268;35.28;0;1;1;0;0
11;Dresden;2015;536308;1635;6;37791;0.24;13;511118;95;8600;1.60;16600;3.10;487100;90.82;188654;35.18;0;1;1;0;0
11;Dresden;2016;543825;1658;5;37996;0.20;11;512773;94;8700;1.60;21700;3.99;488500;89.83;190645;35.06;0;1;1;0;0
11;Dresden;2017;547172;1668;5;38861;0.07;4;512672;94;10200;1.86;24300;4.44;489300;89.42;192463;35.17;0;1;1;0;0
11;Dresden;2018;551072;1680;4;39340;0.16;9;512671;93;10700;1.94;27700;5.03;490100;88.94;193616;35.13;0;1;1;0;0
11;Dresden;2019;554649;1691;4;39767;0.13;7;512678;92;11900;2.15;30000;5.41;;;194765;35.12;0;1;1;0;0
11;Dresden;2020;556780;1698;4;;0.18;10;512371;92;;;;;;;195843;35.17;0;1;1;0;0
12;Leipzig;2000;493208;1655;;28438;;;466069;94;;;;;;;;;0;1;1;0;0
12;Leipzig;2001;493052;1655;17;28921;0.45;22;463959;94;11100;2.25;18000;3.65;;;166605;33.79;0;1;1;0;0
12;Leipzig;2002;494795;1660;;29526;;;;;;;;;;;;;0;1;1;0;0
12;Leipzig;2003;;;;29703;;;;;;;;;;;;;0;1;1;0;0
12;Leipzig;2004;497531;1670;21;30004;0.24;12;465230;94;8800;1.77;22000;4.42;;;172600;34.69;0;1;1;0;0
12;Leipzig;2005;498491;1673;22;29990;0.36;18;467644;94;8500;1.71;23200;4.65;;;175441;35.19;0;1;1;0;0
12;Leipzig;2006;502651;1687;19;31975;0.20;10;470903;94;8500;1.69;23200;4.62;;;180203;35.85;0;1;1;0;0
12;Leipzig;2007;506578;1700;17;32825;0.26;13;474597;94;8400;1.66;23600;4.66;;;163797;32.33;0;1;1;0;0
12;Leipzig;2008;510512;1713;16;33413;0.18;9;477724;94;8900;1.74;23900;4.68;;;165742;32.47;0;1;1;0;0
12;Leipzig;2009;515469;1730;15;32424;0.23;12;481941;93;10800;2.10;22700;4.40;;;165786;32.16;0;1;1;0;0
12;Leipzig;2010;518862;1741;14;33647;0.21;11;486564;94;;0.00;22600;4.36;466700;89.95;169925;32.75;0;1;1;0;0
12;Leipzig;2011;522883;1755;12;36671;0.15;8;492686;94;;0.00;;0.00;473400;90.54;173905;33.26;0;1;1;0;0
12;Leipzig;2012;510043;1712;10;37322;0.27;14;499909;98;9600;1.88;16000;3.14;461000;90.38;177761;34.85;0;1;1;0;0
12;Leipzig;2013;520838;1748;9;37746;0.31;16;495062;95;8600;1.65;17200;3.30;468600;89.97;181032;34.76;0;1;1;0;0
12;Leipzig;2014;531562;1784;;38876;;11;502719;95;10300;1.94;18600;3.50;;;184415;34.69;0;1;1;0;0
12;Leipzig;2015;544479;1827;8;38865;0.17;9;511069;94;12200;2.24;21200;3.89;518500;95.23;188142;34.55;0;1;1;0;0
12;Leipzig;2016;560472;1881;6;39296;0.25;14;518473;93;14500;2.59;27500;4.91;526200;93.89;191637;34.19;0;1;1;0;0
12;Leipzig;2017;571088;1916;5;40211;0.18;10;523565;92;15900;2.78;31600;5.53;531000;92.98;195056;34.16;0;1;1;0;0
12;Leipzig;2018;581980;1953;5;40173;0.26;15;529804;91;;0.00;;0.00;;;198138;34.05;0;1;1;0;0
12;Leipzig;2019;587857;1973;5;41097;0.24;14;533218;91;;0.00;;0.00;;;200521;34.11;0;1;1;0;0
12;Leipzig;2020;593145;1990;5;;0.25;15;535813;90;19100;3.22;38200;6.44;537500;90.62;202328;34.11;0;1;1;0;0
13;Edinburgh;2000;451000;1708;;;;;;;;;;;;;;;1;1;0;0;0
13;Edinburgh;2001;454000;1720;5;42115;;;;;;;;;;;;;1;1;0;0;0
13;Edinburgh;2002;457000;1731;;44064;;;;;;;;;;;140423;30.73;1;1;0;0;0
13;Edinburgh;2003;460000;1742;;46577;;;;;;;;;;;;;1;1;0;0;0
13;Edinburgh;2004;463000;1754;5;48611;0.18;8;;;;;;;;;150000;32.40;1;1;0;0;0
13;Edinburgh;2005;466000;1765;;49543;0.13;6;;;;;;;;;147099;31.57;1;1;0;0;0
13;Edinburgh;2006;468000;1773;;50027;0.28;13;;;;;;;;;147779;31.58;1;1;0;0;0
13;Edinburgh;2007;471000;1784;;51310;0.13;6;;;;;;;;;149745;31.79;1;1;0;0;0
13;Edinburgh;2008;474000;1795;5;49652;0.28;13;;;;;;;;;150641;31.78;1;1;0;0;0
13;Edinburgh;2009;477000;1807;7;48611;0.15;7;;;;;;;;;151792;31.82;1;1;0;0;0
13;Edinburgh;2010;480000;1818;;47643;0.09;4;;;;;;;;;;;1;1;0;0;0
13;Edinburgh;2011;483000;1830;7;47296;0.21;10;419505;87;28530;5.91;28590;5.92;400832;82.99;153118;31.70;1;1;0;0;0
13;Edinburgh;2012;489000;1852;;47572;0.27;13;416593;85;31553;6.45;23964;4.90;402926;82.40;;;1;1;0;0;0
13;Edinburgh;2013;495000;1875;;48377;0.16;8;424842;86;32980;6.66;19275;3.89;410132;82.85;;;1;1;0;0;0
13;Edinburgh;2014;501000;1898;;49132;0.20;10;431818;86;31130;6.21;19569;3.91;417015;83.24;;;1;1;0;0;0
13;Edinburgh;2015;507000;1920;5;49987;0.06;3;425059;84;38653;7.62;21500;4.24;405841;80.05;162075;31.97;1;1;0;0;0
13;Edinburgh;2016;513000;1943;4;51974;0.18;9;423965;83;42100;8.21;26623;5.19;402197;78.40;165299;32.22;1;1;0;0;0
13;Edinburgh;2017;519000;1966;3;53089;0.12;6;411990;79;47780;9.21;37615;7.25;395713;76.25;167709;32.31;1;1;0;0;0
13;Edinburgh;2018;525000;1989;5;54004;0.10;5;425434;81;55874;10.64;24764;4.72;398128;75.83;168431;32.08;1;1;0;0;0
13;Edinburgh;2019;531000;2011;;54002;;;;;;;;;;;;;1;1;0;0;0
13;Edinburgh;2020;537000;2034;;49214;;;;;;;;;;;;;1;1;0;0;0
14;Cardiff;2000;306300;2188;;;;;;;;;;;;;;;1;1;0;0;0
14;Cardiff;2001;305353;2181;5;29088;;;;;;;;;;;;;1;1;0;0;0
14;Cardiff;2002;311000;2221;;29869;;;;;;;;;;;109347;35.16;1;1;0;0;0
14;Cardiff;2003;311500;2225;;30947;;;;;;;;;;;;;1;1;0;0;0
14;Cardiff;2004;314800;2249;6;31296;0.25;8;;;;;;;;;118300;37.58;1;1;0;0;0
14;Cardiff;2005;317800;2270;;31811;0.28;9;;;;;;;;;118289;37.22;1;1;0;0;0
14;Cardiff;2006;321700;2298;;32531;0.37;12;;;;;;;;;120043;37.32;1;1;0;0;0
14;Cardiff;2007;325800;2327;;33053;0.49;16;;;;;;;;;122429;37.58;1;1;0;0;0
14;Cardiff;2008;330500;2361;7;31745;0.24;8;;;;;;;;;123831;37.47;1;1;0;0;0
14;Cardiff;2009;336200;2401;8;31110;0.27;9;;;;;;;;;124996;37.18;1;1;0;0;0
14;Cardiff;2010;339500;2425;;31269;0.12;4;;;;;;;;;;;1;1;0;0;0
14;Cardiff;2011;346090;2472;8;31937;0.23;8;317770;92;12515;3.62;15810;4.57;300123;86.72;124695;36.03;1;1;0;0;0
14;Cardiff;2012;347000;2479;;32706;0.09;3;321852;93;10188;2.94;12632;3.64;305060;87.91;;;1;1;0;0;0
14;Cardiff;2013;350100;2501;;33017;0.03;1;322545;92;12545;3.58;12434;3.55;305058;87.13;;;1;1;0;0;0
14;Cardiff;2014;353000;2521;;33380;0.14;5;318308;90;15169;4.30;17487;4.95;302819;85.78;;;1;1;0;0;0
14;Cardiff;2015;355727;2541;7;33893;0.28;10;322622;91;10621;2.99;19932;5.60;307729;86.51;130415;36.66;1;1;0;0;0
14;Cardiff;2016;359314;2567;5;34877;0.06;2;330443;92;11501;3.20;14381;4.00;313676;87.30;132226;36.80;1;1;0;0;0
14;Cardiff;2017;361962;2585;7;35029;0.22;8;319799;88;18043;4.98;21701;6.00;303509;83.85;133510;36.89;1;1;0;0;0
14;Cardiff;2018;363502;2596;5;35252;0.22;8;328002;90;18142;4.99;18797;5.17;316739;87.14;134503;37.00;1;1;0;0;0
14;Cardiff;2019;;;;35870;;;;;;;;;;;;;1;1;0;0;0
14;Cardiff;2020;;;;32889;;;;;;;;;;;;;1;1;0;0;0
15;Malaga;2000;531565;1336;23;;;;525339;99;2139;0.40;4087;0.77;;;;;0;0;0;0;0
15;Malaga;2001;524414;1318;21;;;;513981;98;2561;0.49;7872;1.50;;;;;0;0;0;0;0
15;Malaga;2002;535686;1346;;;;;523964;98;2881;0.54;8841;1.65;;;;;0;0;0;0;0
15;Malaga;2003;547105;1375;;24179;;;;0;;;;;;;;;0;0;0;0;0
15;Malaga;2004;547731;1376;;25708;;;526046;96;3694;0.67;17991;3.28;;;;;0;0;0;0;0
15;Malaga;2005;558287;1403;;27128;;39;528570;95;;;;;;;244218;43.74;0;0;0;0;0
15;Malaga;2006;560631;1409;;27487;;38;529908;95;;;;;;;254073;45.32;0;0;0;0;0
15;Malaga;2007;561250;1410;;27725;;33;526769;94;;;;;;;256064;45.62;0;0;0;0;0
15;Malaga;2008;566447;1423;;27320;;32;525952;93;10316;1.82;30179;5.33;;;266998;47.14;0;0;0;0;0
15;Malaga;2009;568305;1428;;26145;;20;525052;92;;;;;;;267420;47.06;0;0;0;0;0
15;Malaga;2010;568507;1428;;25812;;26;523113;92;11753;2.07;33641;5.92;507943;89.35;;;0;0;0;0;0
15;Malaga;2011;561435;1411;;25143;;29;517382;92;11361;2.02;32693;5.82;500754;89.19;264667;47.14;0;0;0;0;0
15;Malaga;2012;567433;1426;;23947;;;518467;91;13337;2.35;35629;6.28;501979;88.46;;;0;0;0;0;0
15;Malaga;2013;568479;1428;;23419;;16;518085;91;14097;2.48;36297;6.38;501581;88.23;255739;44.99;0;0;0;0;0
15;Malaga;2014;566913;1424;;24305;;13;520883;92;12173;2.15;33857;5.97;502286;88.60;253151;44.65;0;0;0;0;0
15;Malaga;2015;569130;1430;26;25225;0.19;11;524665;92;12029;2.11;32436;5.70;504430;88.63;254484;44.71;0;0;0;0;0
15;Malaga;2016;569009;1430;24;25835;0.26;15;526193;92;9530;1.67;33286;5.85;504924;88.74;258251;45.39;0;0;0;0;0
15;Malaga;2017;569002;1430;21;26650;0.25;14;526869;93;15014;2.64;27119;4.77;504534;88.67;246818;43.38;0;0;0;0;0
15;Malaga;2018;571026;1435;19;27294;0.19;11;527463;92;15366;2.69;28197;4.94;504931;88.43;250858;43.93;0;0;0;0;0
15;Malaga;2019;574654;1444;14;27694;0.28;16;528164;92;10137;1.76;36353;6.33;505195;87.91;254192;44.23;0;0;0;0;0
15;Malaga;2020;578460;1453;18;;0.26;15;528380;91;10656;1.84;39424;6.82;504869;87.28;255692;44.20;0;0;0;0;0
16;Antwerpen;2000;446525;2189;;49898;;;;0;;;;;;;;;0;0;0;0;0
16;Antwerpen;2001;445570;2184;;49773;1.10;49;398330;89;18038;4.05;35847;8.05;;;;;0;0;0;0;0
16;Antwerpen;2002;448709;2200;;50600;;;;0;;;;;;;192268;42.85;0;0;0;0;0
16;Antwerpen;2003;452474;2218;;50549;;;;0;;;;;;;;;0;0;0;0;0
16;Antwerpen;2004;455148;2231;10;52367;0.57;26;402155;88;20110;4.42;31181;6.85;;;185816;40.83;0;0;0;0;0
16;Antwerpen;2005;457749;2244;10;54867;0.57;26;402875;88;;;;;;;185942;40.62;0;0;0;0;0
16;Antwerpen;2006;461496;2262;9;55402;0.72;33;402164;87;;;;;;;186194;40.35;0;0;0;0;0
16;Antwerpen;2007;466203;2285;8;56982;0.56;26;402544;86;;;;;;;183587;39.38;0;0;0;0;0
16;Antwerpen;2008;472071;2314;8;57276;0.59;28;403079;85;29070;6.16;39922;8.46;;;186288;39.46;0;0;0;0;0
16;Antwerpen;2009;477936;2343;9;52973;0.52;25;403124;84;;;;;;;187368;39.20;0;0;0;0;0
16;Antwerpen;2010;483505;2370;;54526;0.46;22;404149;84;34779;7.19;44577;9.22;;;;;0;0;0;0;0
16;Antwerpen;2011;498473;2443;9;55138;0.34;17;406735;82;39364;7.90;52374;10.51;370036;74.23;192115;38.54;0;0;0;0;0
16;Antwerpen;2012;507368;2487;;55063;;;408448;81;43647;8.60;55273;10.89;370073;72.94;;;0;0;0;0;0
16;Antwerpen;2013;512230;2511;;54401;0.31;16;409798;80;47488;9.27;54944;10.73;369473;72.13;;;0;0;0;0;0
16;Antwerpen;2014;513915;2519;;54833;0.51;26;410852;80;49359;9.60;53704;10.45;369104;71.82;;;0;0;0;0;0
16;Antwerpen;2015;515593;2527;11;56452;0.31;16;410418;80;51980;10.08;53195;10.32;368535;71.48;195360;37.89;0;0;0;0;0
16;Antwerpen;2016;517731;2538;10;56726;0.29;15;411326;79;53557;10.34;52848;10.21;367822;71.05;198422;38.33;0;0;0;0;0
16;Antwerpen;2017;520859;2553;9;57444;0.35;18;413508;79;54013;10.37;53338;10.24;367427;70.54;202359;38.85;0;0;0;0;0
16;Antwerpen;2018;523591;2567;8;57552;0.31;16;415056;79;54670;10.44;53865;10.29;366309;69.96;204641;39.08;0;0;0;0;0
16;Antwerpen;2019;526439;2581;7;57595;0.23;12;414856;79;55828;10.60;55755;10.59;365641;69.46;204010;38.75;0;0;0;0;0
16;Antwerpen;2020;530014;2598;8;54358;0.28;15;416177;79;57039;10.76;56798;10.72;364483;68.77;201715;38.06;0;0;0;0;0
17;Palermo;2000;694912;4398;;;;;662358;95;1426;0.21;15506;2.23;;;390844;56.24;0;0;0;0;0
17;Palermo;2001;686722;4346;30;;0.71;49;677061;99;565;0.08;9096;1.32;;;;;0;0;0;0;0
17;Palermo;2002;686045;4342;;25556;;;;0;;;;;;;;;0;0;0;0;0
17;Palermo;2003;682901;4322;;25551;;;;0;;;;;;;;;0;0;0;0;0
17;Palermo;2004;679730;4302;;25844;;44;;0;;;;;;;381970;56.19;0;0;0;0;0
17;Palermo;2005;675277;4274;;26717;;24;661084;98;879;0.13;13314;1.97;;;387613;57.40;0;0;0;0;0
17;Palermo;2006;670820;4246;;27178;;32;655951;98;;;;;;;393245;58.62;0;0;0;0;0
17;Palermo;2007;666552;4219;;27106;;34;651818;98;;;;;;;395196;59.29;0;0;0;0;0
17;Palermo;2008;665252;4210;;27905;;38;647293;97;2013;0.30;13867;2.08;;;395143;59.40;0;0;0;0;0
17;Palermo;2009;662222;4191;;26982;;51;642201;97;;;;;;;392841;59.32;0;0;0;0;0
17;Palermo;2010;659193;4172;;26847;0.59;39;637893;97;2772;0.42;15416;2.34;;;391889;59.45;0;0;0;0;0
17;Palermo;2011;659326;4173;25;25782;0.50;33;635623;96;3336;0.51;16308;2.47;;;390988;59.30;0;0;0;0;0
17;Palermo;2012;656829;4157;;24958;0.27;18;637025;97;2811;0.43;16993;2.59;;;385372;58.67;0;0;0;0;0
17;Palermo;2013;654987;4145;;24453;0.34;22;633661;97;3152;0.48;18174;2.77;;;381819;58.29;0;0;0;0;0
17;Palermo;2014;678492;4294;;23994;0.35;24;654111;96;3595;0.53;20786;3.06;;;381046;56.16;0;0;0;0;0
17;Palermo;2015;678492;4294;;24433;0.27;18;652569;96;3182;0.47;22741;3.35;;;382347;56.35;0;0;0;0;0
17;Palermo;2016;674435;4269;;24196;0.37;25;647848;96;3956;0.59;22631;3.36;;;385103;57.10;0;0;0;0;0
17;Palermo;2017;673735;4264;;24615;0.40;27;646998;96;4116;0.61;22621;3.36;;;388986;57.74;0;0;0;0;0
17;Palermo;2018;668405;4230;30;24543;0.30;20;642742;96;4175;0.62;21488;3.21;;;391173;58.52;0;0;0;0;0
17;Palermo;2019;652720;4131;28;24632;0.40;26;628780;96;3944;0.60;19996;3.06;;;393544;60.29;0;0;0;0;0
17;Palermo;2020;647422;4098;15;;0.29;19;623518;96;3932;0.61;19972;3.08;;;394847;60.99;0;0;0;0;0
18;Geneva;2000;730773;4872;7;;;;521549;71;134538;18.41;74686;10.22;;;;;0;1;0;0;0
18;Geneva;2001;;;;;;;;;;;;;;;;;0;1;0;0;0
18;Geneva;2002;;;;;;47;;;;;;;;;391630;;0;1;0;0;0
18;Geneva;2003;;;;;;;;;;;;;;;;;0;1;0;0;0
18;Geneva;2004;;;;;;66;;;;;;;;;427322;;0;1;0;0;0
18;Geneva;2005;;;;;;;;;;;;;;;;;0;1;0;0;0
18;Geneva;2006;801604;5344;;;;;;;;;;;;;;;0;1;0;0;0
18;Geneva;2007;;;;;;;;;;;;;;;;;0;1;0;0;0
18;Geneva;2008;;;;81867;;;;;;;;;;;;;0;1;0;0;0
18;Geneva;2009;347161;2314;;78990;;;205430;59;;;;;;;;;0;1;0;0;0
18;Geneva;2010;349796;2332;;81198;;8;205955;59;;;;;;;156596;44.77;0;1;0;0;0
18;Geneva;2011;377296;2515;10;80558;0.16;6;222802;59;99649;26.41;54845;14.54;187905;49.80;171636;45.49;0;1;0;0;0
18;Geneva;2012;379527;2530;11;80118;0.24;9;223002;59;100743;26.54;55782;14.70;188496;49.67;172569;45.47;0;1;0;0;0
18;Geneva;2013;382099;2547;11;80638;0.18;7;223160;58;102548;26.84;56391;14.76;189086;49.49;171881;44.98;0;1;0;0;0
18;Geneva;2014;386660;2578;11;80794;0.23;9;222869;58;106207;27.47;57584;14.89;189794;49.09;171710;44.41;0;1;0;0;0
18;Geneva;2015;393307;2622;10;79306;0.13;5;224499;57;109804;27.92;59004;15.00;191713;48.74;172500;43.86;0;1;0;0;0
18;Geneva;2016;399103;2661;11;79732;0.13;5;228681;57;111036;27.82;59386;14.88;192963;48.35;172590;43.24;0;1;0;0;0
18;Geneva;2017;402866;2686;11;81430;0.22;9;232694;58;110350;27.39;59822;14.85;193987;48.15;172048;42.71;0;1;0;0;0
18;Geneva;2018;407605;2717;11;83391;0.07;3;235891;58;110761;27.17;60953;14.95;195172;47.88;170649;41.87;0;1;0;0;0
18;Geneva;2019;411367;2742;12;83747;0.15;6;238288;58;111261;27.05;61818;15.03;196223;47.70;169360;41.17;0;1;0;0;0
18;Geneva;2020;;;11;;0.22;9;240754;59;111737;27.16;62869;15.28;197083;;169140;;0;1;0;0;0
19;Bremen ;2000;539403;1655;;40595;;;472932;88;;;;;;;;;0;1;0;0;0
19;Bremen ;2001;540950;1659;8;41187;0.07;4;472983;87;13000;2.40;55000;10.17;;;209539;38.74;0;1;0;0;0
19;Bremen ;2002;542987;1666;;41193;;;;;;;;;;;;;0;1;0;0;0
19;Bremen ;2003;;;;41023;;;;;;;;;;;;;0;1;0;0;0
19;Bremen ;2004;544853;1671;14;41331;0.09;5;473363;87;14500;2.66;57600;10.57;;;208900;38.34;0;1;0;0;0
19;Bremen ;2005;545932;1675;15;41190;0.24;13;473829;87;16400;3.00;55900;10.24;;;210839;38.62;0;1;0;0;0
19;Bremen ;2006;546852;1677;13;43267;0.24;13;474497;87;16400;3.00;55900;10.22;;;210094;38.42;0;1;0;0;0
19;Bremen ;2007;547934;1681;11;44458;0.31;17;476020;87;17200;3.14;54700;9.98;;;186839;34.10;0;1;0;0;0
19;Bremen ;2008;547769;1680;9;44768;0.18;10;475885;87;18200;3.32;53700;9.80;;;186483;34.04;0;1;0;0;0
19;Bremen ;2009;547360;1679;9;40792;0.18;10;476018;87;20100;3.67;51300;9.37;;;186510;34.07;0;1;0;0;0
19;Bremen ;2010;547685;1680;8;43118;0.18;10;476500;87;19900;3.63;51300;9.37;433400;79.13;188962;34.50;0;1;0;0;0
19;Bremen ;2011;547340;1679;7;45173;0.24;13;477054;87;19100;3.49;51200;9.35;443600;81.05;192000;35.08;0;1;0;0;0
19;Bremen ;2012;544043;1669;6;46268;0.28;15;476518;88;18500;3.40;45500;8.36;438800;80.66;194363;35.73;0;1;0;0;0
19;Bremen ;2013;546451;1676;7;46179;0.11;6;479390;88;20800;3.81;46300;8.47;437800;80.12;196188;35.90;0;1;0;0;0
19;Bremen ;2014;548547;1683;;46915;;9;478259;87;22700;4.14;47500;8.66;429100;78.22;198211;36.13;0;1;0;0;0
19;Bremen ;2015;551767;1693;5;46670;0.29;16;476699;86;24800;4.49;50300;9.12;422500;76.57;199850;36.22;0;1;0;0;0
19;Bremen ;2016;557464;1710;5;46886;0.20;11;473533;85;25000;4.48;58900;10.57;417900;74.96;202395;36.31;0;1;0;0;0
19;Bremen ;2017;565719;1735;4;47621;0.16;9;472144;83;27700;4.90;65800;11.63;418500;73.98;205392;36.31;0;1;0;0;0
19;Bremen ;2018;568006;1742;4;47079;0.09;5;468831;83;29200;5.14;69900;12.31;417500;73.50;207676;36.56;0;1;0;0;0
19;Bremen ;2019;569352;1746;5;47484;0.12;7;465859;82;30300;5.32;73200;12.86;416200;73.10;208707;36.66;0;1;0;0;0
19;Bremen ;2020;567559;1741;6;;0.18;10;462431;81;28600;5.04;;0.00;414000;72.94;209651;36.94;0;1;0;0;0
20;Murcia;2000;357166;405;12;;;;352526;99;720;0.20;3920;1.10;;;;;0;0;0;0;0
20;Murcia;2001;370745;421;12;;;;354488;96;1148;0.31;15109;4.08;;;;;0;0;0;0;0
20;Murcia;2002;377888;429;;;;;358586;95;1100;0.29;18202;4.82;;;;;0;0;0;0;0
20;Murcia;2003;391146;444;;28605;;;;0;;0.00;;0.00;;;;;0;0;0;0;0
20;Murcia;2004;398815;453;;29217;;;365588;92;1628;0.41;31599;7.92;;;12385;3.11;0;0;0;0;0
20;Murcia;2005;409810;465;;30096;;42;368189;90;;0.00;;0.00;;;186969;45.62;0;0;0;0;0
20;Murcia;2006;416996;473;;30868;;30;370652;89;;0.00;;0.00;;;196001;47.00;0;0;0;0;0
20;Murcia;2007;422861;480;;31656;;31;372482;88;;0.00;;0.00;;;201081;47.55;0;0;0;0;0
20;Murcia;2008;430571;489;;31402;;21;374395;87;9415;2.19;46761;10.86;;;212268;49.30;0;0;0;0;0
20;Murcia;2009;436870;496;;29298;;20;377262;86;;0.00;;0.00;;;214278;49.05;0;0;0;0;0
20;Murcia;2010;441345;501;;29138;;14;380799;86;10922;2.47;49624;11.24;378198;85.69;;;0;0;0;0;0
20;Murcia;2011;437667;497;;28309;;16;383990;88;8991;2.05;44686;10.21;380596;86.96;214327;48.97;0;0;0;0;0
20;Murcia;2012;441354;501;;27578;;;384700;87;9768;2.21;46886;10.62;381715;86.49;;;0;0;0;0;0
20;Murcia;2013;438246;497;;27641;;16;385923;88;8275;1.89;44048;10.05;382646;87.31;85358;19.48;0;0;0;0;0
20;Murcia;2014;439712;499;;27760;;10;388510;88;8512;1.94;42690;9.71;384779;87.51;211600;48.12;0;0;0;0;0
20;Murcia;2015;439889;499;24;29404;0.23;10;390737;89;8149;1.85;41003;9.32;386357;87.83;214044;48.66;0;0;0;0;0
20;Murcia;2016;441003;501;19;30123;0.39;17;392572;89;8040;1.82;40391;9.16;387879;87.95;219121;49.69;0;0;0;0;0
20;Murcia;2017;443243;503;17;30728;0.59;26;394999;89;13536;3.05;34708;7.83;389364;87.84;209813;47.34;0;0;0;0;0
20;Murcia;2018;447182;508;17;30607;0.36;16;397348;89;13984;3.13;35850;8.02;391083;87.45;215272;48.14;0;0;0;0;0
20;Murcia;2019;453258;514;15;30928;0.31;14;399668;88;8797;1.94;44793;9.88;392828;86.67;220321;48.61;0;0;0;0;0
20;Murcia;2020;459403;521;16;;0.17;8;401620;87;9228;2.01;48555;10.57;394167;85.80;224000;48.76;0;0;0;0;0
